epoch,train_loss,val_loss,ndcg,lr
1,0.405128,0.403593,0.582064,0.001
2,0.407097,0.405158,0.582064,0.001
3,0.423674,0.404689,0.582064,0.001
4,0.405863,0.421721,0.582064,0.001
5,0.394635,0.403957,0.58157,0.0005
6,0.404045,0.404496,0.58157,0.0005
