epoch,train_loss,val_loss,ndcg,lr
1,0.430084,0.399722,0.588304,0.001
2,0.414671,0.401656,0.588304,0.001
3,0.416115,0.40377,0.588304,0.001
4,0.405345,0.399123,0.588304,0.001
5,0.402736,0.398968,0.587936,0.001
6,0.402884,0.399967,0.587936,0.001
7,0.394977,0.400622,0.587936,0.001
8,0.401599,0.400678,0.587936,0.001
9,0.390998,0.400224,0.587936,0.0005
10,0.39726,0.400587,0.589807,0.0005
