epoch,train_loss,val_loss,ndcg,lr
1,0.423142,0.400443,0.598325,0.001
2,0.40504,0.39994,0.598325,0.001
3,0.398408,0.399667,0.598325,0.001
4,0.396898,0.413684,0.598325,0.001
5,0.399965,0.399493,0.597186,0.001
6,0.392574,0.41204,0.597186,0.001
7,0.417592,0.400855,0.597186,0.001
8,0.393503,0.39992,0.597186,0.001
9,0.39239,0.406598,0.597186,0.0005
10,0.40226,0.4002,0.581046,0.0005
