epoch,train_loss,val_loss,ndcg,lr
1,0.442508,0.409096,0.603289,0.001
2,0.40217,0.400592,0.603289,0.001
3,0.404635,0.401618,0.603289,0.001
4,0.407663,0.40126,0.603289,0.001
5,0.398592,0.408028,0.589609,0.001
6,0.416577,0.4062,0.589609,0.0005
7,0.405568,0.40275,0.589609,0.0005
