epoch,train_loss,val_loss,ndcg,lr
1,0.453254,0.40486,0.594181,0.001
2,0.404122,0.40039,0.594181,0.001
3,0.399788,0.411992,0.594181,0.001
4,0.397734,0.400108,0.594181,0.001
5,0.397526,0.405536,0.582746,0.001
6,0.398698,0.404711,0.582746,0.001
7,0.397832,0.403101,0.582746,0.001
8,0.402601,0.405562,0.582746,0.0005
9,0.400104,0.402222,0.582746,0.0005
